{
  "AthenaCharacter:CID_174_Athena_Commando_F_CarbideWhite": {
    "attributes": {
      "favorite": false,
      "item_seen": true,
      "level": 1,
      "max_level_bonus": 0,
      "rnd_sel_cnt": 0,
      "variants": [],
      "xp": 0
    },
    "templateId": "AthenaCharacter:CID_174_Athena_Commando_F_CarbideWhite"
  },
  "fae65ea8-b98e-4d1b-9d3b-8b7d156ab081": {
    "templateId": "MedalsPunchCard:dailypunchcard",
    "attributes": {
      "days_since_season_start_grant": 1,
      "punch_count": 10,
      "medal_punch_list": [
        "Accolades:accoladeid_056_searchchests_silver_rumble",
        "Accolades:accoladeid_066_elimination_gold_rumble",
        "Accolades:accoladeid_031_teamscore_bronze",
        "Accolades:accoladeid_firstmatchofday",
        "Accolades:accoladeid_056_searchchests_silver_rumble",
        "Accolades:accoladeid_060_elimination_gold_rumble",
        "Accolades:accoladeid_062_assistplayer_silver_rumble",
        "Accolades:accoladeid_060 elimination_gold_rumble",
        "Accolades:accoladeid_055_searchchests_bronze_rumble",
        "Accolades:accoladeid_062_assistplayer_silver_rumble"
      ]
    },
    "quantity": 1
  }
}
