{
  "fae65ea8-b98e-4d1b-9d3b-8b7d156ab081": {
    "templateId": "MedalsPunchCard:dailypunchcard",
    "attributes": {
      "days_since_season_start_grant": 1,
      "punch_count": 10,
      "medal_punch_list": [
        "Accolades:accoladeid_056_searchchests_silver_rumble",
        "Accolades:accoladeid_066_elimination_gold_rumble",
        "Accolades:accoladeid_031_teamscore_bronze",
        "Accolades:accoladeid_firstmatchofday",
        "Accolades:accoladeid_056_searchchests_silver_rumble",
        "Accolades:accoladeid_060_elimination_gold_rumble",
        "Accolades:accoladeid_062_assistplayer_silver_rumble",
        "Accolades:accoladeid_060 elimination_gold_rumble",
        "Accolades:accoladeid_055_searchchests_bronze_rumble",
        "Accolades:accoladeid_062_assistplayer_silver_rumble"
      ]
    },
    "quantity": 1
  },
  "AthenaCharacter:CID_001_Athena_Commando_F_Default": {
    "attributes": {
      "favorite": false,
      "item_seen": true,
      "level": 0,
      "max_level_bonus": 0,
      "rnd_sel_cnt": 0,
      "variants": [],
      "xp": 0
    },
    "templateId": "AthenaCharacter:CID_001_Athena_Commando_F_Default"
  },
  "AthenaCharacter:CID_002_Athena_Commando_F_Default": {
    "attributes": {
      "favorite": false,
      "item_seen": true,
      "level": 0,
      "max_level_bonus": 0,
      "rnd_sel_cnt": 0,
      "variants": [],
      "xp": 0
    },
    "templateId": "AthenaCharacter:CID_002_Athena_Commando_F_Default"
  },
  "AthenaCharacter:CID_003_Athena_Commando_F_Default": {
    "attributes": {
      "favorite": false,
      "item_seen": true,
      "level": 0,
      "max_level_bonus": 0,
      "rnd_sel_cnt": 0,
      "variants": [],
      "xp": 0
    },
    "templateId": "AthenaCharacter:CID_003_Athena_Commando_F_Default"
  },
  "AthenaCharacter:CID_004_Athena_Commando_F_Default": {
    "attributes": {
      "favorite": false,
      "item_seen": true,
      "level": 0,
      "max_level_bonus": 0,
      "rnd_sel_cnt": 0,
      "variants": [],
      "xp": 0
    },
    "templateId": "AthenaCharacter:CID_004_Athena_Commando_F_Default"
  },
  "AthenaCharacter:CID_005_Athena_Commando_M_Default": {
    "attributes": {
      "favorite": false,
      "item_seen": true,
      "level": 0,
      "max_level_bonus": 0,
      "rnd_sel_cnt": 0,
      "variants": [],
      "xp": 0
    },
    "templateId": "AthenaCharacter:CID_005_Athena_Commando_M_Default"
  },
  "AthenaCharacter:CID_006_Athena_Commando_M_Default": {
    "attributes": {
      "favorite": false,
      "item_seen": true,
      "level": 0,
      "max_level_bonus": 0,
      "rnd_sel_cnt": 0,
      "variants": [],
      "xp": 0
    },
    "templateId": "AthenaCharacter:CID_006_Athena_Commando_M_Default"
  },
  "AthenaCharacter:CID_007_Athena_Commando_M_Default": {
    "attributes": {
      "favorite": false,
      "item_seen": true,
      "level": 0,
      "max_level_bonus": 0,
      "rnd_sel_cnt": 0,
      "variants": [],
      "xp": 0
    },
    "templateId": "AthenaCharacter:CID_007_Athena_Commando_M_Default"
  },
  "AthenaCharacter:CID_008_Athena_Commando_M_Default": {
    "attributes": {
      "favorite": false,
      "item_seen": true,
      "level": 0,
      "max_level_bonus": 0,
      "rnd_sel_cnt": 0,
      "variants": [],
      "xp": 0
    },
    "templateId": "AthenaCharacter:CID_008_Athena_Commando_M_Default"
  },
  "AthenaCharacter:CID_556_Athena_Commando_F_RebirthDefaultA": {
    "attributes": {
      "favorite": false,
      "item_seen": true,
      "level": 0,
      "max_level_bonus": 0,
      "rnd_sel_cnt": 0,
      "variants": [],
      "xp": 0
    },
    "templateId": "AthenaCharacter:CID_556_Athena_Commando_F_RebirthDefaultA"
  },
  "AthenaCharacter:CID_557_Athena_Commando_F_RebirthDefaultB": {
    "attributes": {
      "favorite": false,
      "item_seen": true,
      "level": 0,
      "max_level_bonus": 0,
      "rnd_sel_cnt": 0,
      "variants": [],
      "xp": 0
    },
    "templateId": "AthenaCharacter:CID_557_Athena_Commando_F_RebirthDefaultB"
  },
  "AthenaCharacter:CID_558_Athena_Commando_F_RebirthDefaultC": {
    "attributes": {
      "favorite": false,
      "item_seen": true,
      "level": 0,
      "max_level_bonus": 0,
      "rnd_sel_cnt": 0,
      "variants": [],
      "xp": 0
    },
    "templateId": "AthenaCharacter:CID_558_Athena_Commando_F_RebirthDefaultC"
  },
  "AthenaCharacter:CID_559_Athena_Commando_F_RebirthDefaultD": {
    "attributes": {
      "favorite": false,
      "item_seen": true,
      "level": 0,
      "max_level_bonus": 0,
      "rnd_sel_cnt": 0,
      "variants": [],
      "xp": 0
    },
    "templateId": "AthenaCharacter:CID_559_Athena_Commando_F_RebirthDefaultD"
  },
  "AthenaCharacter:CID_560_Athena_Commando_M_RebirthDefaultA": {
    "attributes": {
      "favorite": false,
      "item_seen": true,
      "level": 0,
      "max_level_bonus": 0,
      "rnd_sel_cnt": 0,
      "variants": [],
      "xp": 0
    },
    "templateId": "AthenaCharacter:CID_560_Athena_Commando_M_RebirthDefaultA"
  },
  "AthenaCharacter:CID_561_Athena_Commando_M_RebirthDefaultB": {
    "attributes": {
      "favorite": false,
      "item_seen": true,
      "level": 0,
      "max_level_bonus": 0,
      "rnd_sel_cnt": 0,
      "variants": [],
      "xp": 0
    },
    "templateId": "AthenaCharacter:CID_561_Athena_Commando_M_RebirthDefaultB"
  },
  "AthenaCharacter:CID_562_Athena_Commando_M_RebirthDefaultC": {
    "attributes": {
      "favorite": false,
      "item_seen": true,
      "level": 0,
      "max_level_bonus": 0,
      "rnd_sel_cnt": 0,
      "variants": [],
      "xp": 0
    },
    "templateId": "AthenaCharacter:CID_562_Athena_Commando_M_RebirthDefaultC"
  },
  "AthenaCharacter:CID_563_Athena_Commando_M_RebirthDefaultD": {
    "attributes": {
      "favorite": false,
      "item_seen": true,
      "level": 0,
      "max_level_bonus": 0,
      "rnd_sel_cnt": 0,
      "variants": [],
      "xp": 0
    },
    "templateId": "AthenaCharacter:CID_563_Athena_Commando_M_RebirthDefaultD"
  },
  "AthenaCharacter:cid_a_272_athena_commando_f_prime": {
    "attributes": {
      "favorite": false,
      "item_seen": true,
      "level": 0,
      "max_level_bonus": 0,
      "rnd_sel_cnt": 0,
      "variants": [],
      "xp": 0
    },
    "templateId": "AthenaCharacter:cid_a_272_athena_commando_f_prime"
  }
}
