{"profileRevision":43,"profileId":"athena","profileChangesBaseRevision":"43","profileChanges":[{"changeType":"fullProfileUpdate","_id":"RANDOM","profile":{"_id":"RANDOM","Update":"","Created":"2021-03-07T16:33:28.462Z","updated":"2021-05-20T14:57:29.907Z","rvn":"43","wipeNumber":1,"accountId":"0450a4e4-ec1a-476d-a0d2-f31aaad39c36","profileId":"athena","version":"no_version","items":{"sandbox_loadout":{"templateId":"CosmeticLocker:cosmeticlocker_athena","attributes":{"locker_slots_data":{"slots":{"MusicPack":{"items":["AthenaMusicPack:musicpack_040_xmaschiptunes"]},"Character":{"items":["AthenaCharacter:cid_294_athena_commando_f_redknightwinter"],"activeVariants":[{"variants":[]}]},"Backpack":{"items":["AthenaBackpack:bid_022_cupid"],"activeVariants":[[]]},"SkyDiveContrail":{"items":["AthenaSkyDiveContrail:trails_id_001_disco"],"activeVariants":[[]]},"Dance":{"items":["AthenaDance:eid_llamabellraisin","AthenaDance:eid_flamenco","AthenaDance:eid_fresh","AthenaDance:eid_lasagnadance","AthenaDance:eid_cycloneheadbang","AthenaDance:eid_electroswing",""]},"LoadingScreen":{"items":[""]},"Pickaxe":{"items":["AthenaPickaxe:pickaxe_id_294_candycane"],"activeVariants":[[]]},"Glider":{"items":["AthenaGlider:umbrella_snowflake"],"activeVariants":[[]]},"ItemWrap":{"items":["AthenaItemWrap:wrap_002_holidaygreen","AthenaItemWrap:wrap_002_holidaygreen","AthenaItemWrap:wrap_002_holidaygreen","AthenaItemWrap:wrap_002_holidaygreen","AthenaItemWrap:wrap_002_holidaygreen","AthenaItemWrap:wrap_002_holidaygreen","AthenaItemWrap:wrap_002_holidaygreen"],"activeVariants":[[]]}}},"use_count":0,"banner_icon_template":"BRSeason01","banner_color_template":"DefaultColor1","locker_name":"","item_seen":false,"favorite":false},"quantity":1},"loadout_1":{"templateId":"CosmeticLocker:cosmeticlocker_athena","attributes":{"locker_slots_data":{"slots":{"MusicPack":{"items":["AthenaMusicPack:musicpack_040_xmaschiptunes"]},"Character":{"items":["AthenaCharacter:cid_294_athena_commando_f_redknightwinter"],"activeVariants":[{"variants":[]}]},"Backpack":{"items":["AthenaBackpack:bid_022_cupid"],"activeVariants":[[]]},"SkyDiveContrail":{"items":["AthenaSkyDiveContrail:trails_id_001_disco"],"activeVariants":[[]]},"Dance":{"items":["AthenaDance:eid_llamabellraisin","AthenaDance:eid_flamenco","AthenaDance:eid_fresh","AthenaDance:eid_lasagnadance","AthenaDance:eid_cycloneheadbang","AthenaDance:eid_electroswing",""]},"LoadingScreen":{"items":[""]},"Pickaxe":{"items":["AthenaPickaxe:pickaxe_id_294_candycane"],"activeVariants":[[]]},"Glider":{"items":["AthenaGlider:umbrella_snowflake"],"activeVariants":[[]]},"ItemWrap":{"items":["AthenaItemWrap:wrap_002_holidaygreen","AthenaItemWrap:wrap_002_holidaygreen","AthenaItemWrap:wrap_002_holidaygreen","AthenaItemWrap:wrap_002_holidaygreen","AthenaItemWrap:wrap_002_holidaygreen","AthenaItemWrap:wrap_002_holidaygreen","AthenaItemWrap:wrap_002_holidaygreen"],"activeVariants":[[]]}}},"use_count":0,"banner_icon_template":"BRSeason01","banner_color_template":"DefaultColor1","locker_name":"Ploosh","item_seen":false,"favorite":false},"quantity":1},"AthenaPickaxe:DefaultPickaxe":{"attributes":{"favorite":false,"item_seen":true,"level":0,"max_level_bonus":0,"rnd_sel_cnt":0,"variants":[],"xp":0},"templateId":"AthenaPickaxe:DefaultPickaxe"},"AthenaGlider:DefaultGlider":{"attributes":{"favorite":false,"item_seen":true,"level":0,"max_level_bonus":0,"rnd_sel_cnt":0,"variants":[],"xp":0},"templateId":"AthenaGlider:DefaultGlider"},"AthenaDance:EID_DanceMoves":{"attributes":{"favorite":false,"item_seen":true,"level":0,"max_level_bonus":0,"rnd_sel_cnt":0,"variants":[],"xp":0},"templateId":"AthenaDance:EID_DanceMoves"},"fae65ea8-b98e-4d1b-9d3b-8b7d156ab081":{"templateId":"MedalsPunchCard:dailypunchcard","attributes":{"days_since_season_start_grant":1,"punch_count":10,"medal_punch_list":["Accolades:accoladeid_056_searchchests_silver_rumble","Accolades:accoladeid_060_elimination_gold_rumble","Accolades:accoladeid_031_teamscore_bronze","Accolades:accoladeid_firstmatchofday","Accolades:accoladeid_056_searchchests_silver_rumble","Accolades:accoladeid_060_elimination_gold_rumble","Accolades:accoladeid_062_assistplayer_silver_rumble","Accolades:accoladeid_060_elimination_gold_rumble","Accolades:accoladeid_055_searchchests_bronze_rumble","Accolades:accoladeid_062_assistplayer_silver_rumble"]},"quantity":1}},"stats":{"attributes":{"use_random_loadout":false,"past_seasons":[],"season_match_boost":0,"loadouts":["sandbox_loadout","loadout_1"],"mfa_reward_claimed":true,"rested_xp_overflow":0,"current_mtx_platform":"Epic","last_xp_interaction":"2022-12-10T22:14:37.647Z","quest_manager":{"dailyLoginInterval":"0001-01-01T00:00:00.000Z","dailyQuestRerolls":1},"book_level":999,"season_num":12,"book_xp":0,"creative_dynamic_xp":{},"season":{"numWins":0,"numHighBracket":0,"numLowBracket":0},"vote_data":{},"lifetime_wins":0,"book_purchased":true,"rested_xp_exchange":1,"level":999,"rested_xp":2500,"rested_xp_mult":4.4,"accountLevel":69,"rested_xp_cumulative":52500,"xp":0,"season_friend_match_boost":0,"active_loadout_index":0,"purchased_bp_offers":[],"last_match_end_datetime":"","mtx_purchase_history_copy":[],"last_applied_loadout":"sandbox_loadout","favorite_musicpack":"AthenaMusicPack:musicpack_040_xmaschiptunes","banner_icon":"BRSeason01","favorite_itemwraps":["AthenaItemWrap:wrap_002_holidaygreen","AthenaItemWrap:wrap_002_holidaygreen","AthenaItemWrap:wrap_002_holidaygreen","AthenaItemWrap:wrap_002_holidaygreen","AthenaItemWrap:wrap_002_holidaygreen","AthenaItemWrap:wrap_002_holidaygreen","AthenaItemWrap:wrap_002_holidaygreen"],"favorite_skydivecontrail":"","favorite_pickaxe":"AthenaPickaxe:pickaxe_id_294_candycane","favorite_glider":"AthenaGlider:umbrella_snowflake","favorite_backpack":"AthenaBackpack:bid_022_cupid","favorite_dance":["AthenaDance:eid_llamabellraisin","AthenaDance:eid_flamenco","AthenaDance:eid_fresh","AthenaDance:eid_lasagnadance","AthenaDance:eid_cycloneheadbang","AthenaDance:eid_electroswing",""],"favorite_loadingscreen":"","banner_color":"DefaultColor1"}},"commandRevision":5}}],"serverTime":"2023-11-25T23:13:39.360Z","profileCommandRevision":43,"responseVersion":1}